﻿<?xml version="1.0" encoding="UTF-8" standalone="yes"?>
<addon id="Repor-amigos" name="Repor" version="0.0.2" provider-name="Mafarricos">
	<extension point="xbmc.addon.repository" name="Repor-amigos">
		<info compressed="false">http://raw.github.com/Mafarricos/Repor-amigos/master/addons.xml</info>
		<checksum>http://raw.github.com/Mafarricos/Repor-amigos/master/addons.xml.md5</checksum>
		<datadir zip="true">http://raw.github.com/Mafarricos/Repor-amigos/master/repo/</datadir>
	</extension>
	<extension point="xbmc.addon.metadata">
		<summary>Repor Addon</summary>
		<description>Addon Description</description>
		<disclaimer></disclaimer>
		<platform>all</platform>
	</extension>
</addon>